first ever scheduled transaction,15,20,sagve account poggerse,bing bong ,Monthly
ffafeasfeas,321321,231312,hello,bing bong ,Monthly
bruh,15,12345,hello!!!!!!,3213213213,Monthly
schedule name 1,what the fuck,hello,Monthly,14,12345
helloi,hello,hello,Monthly,231312,231312
bruh,hello,hello,Monthly,231,231312
first,hello,hello,Monthly,2313,231321
br,hello,hello,Monthly,213,321321
hello,hello,hello,Monthly,231312,231312
helloo,hello,hello,Monthly,12,124151242141
schedule name 12,what the fuck,3123321312312312,Monthly,213,23132
bruhhh,hello,hello,Monthly,1231,231321
